<?xml version="1.0" encoding="UTF-8"?>
<project-private xmlns="http://www.netbeans.org/ns/project-private/1">
    <editor-bookmarks xmlns="http://www.netbeans.org/ns/editor-bookmarks/2" lastBookmarkId="0"/>
    <open-files xmlns="http://www.netbeans.org/ns/projectui-open-files/2">
        <group>
            <file>file:/Users/dhwanilpanchani/NetBeansProjects/CosmoPlan/src/cosmoplan/Dashboard.java</file>
            <file>file:/Users/dhwanilpanchani/NetBeansProjects/CosmoPlan/src/cosmoplan/LaunchVehicleCRUD.java</file>
            <file>file:/Users/dhwanilpanchani/NetBeansProjects/CosmoPlan/src/cosmoplan/LaunchSiteCRUD.java</file>
            <file>file:/Users/dhwanilpanchani/NetBeansProjects/CosmoPlan/src/cosmoplan/DatabaseConnection.java</file>
            <file>file:/Users/dhwanilpanchani/NetBeansProjects/CosmoPlan/src/cosmoplan/MissionCRUD.java</file>
            <file>file:/Users/dhwanilpanchani/NetBeansProjects/CosmoPlan/src/cosmoplan/AstronautCRUD.java</file>
            <file>file:/Users/dhwanilpanchani/NetBeansProjects/CosmoPlan/src/cosmoplan/CosmoPlan.java</file>
            <file>file:/Users/dhwanilpanchani/NetBeansProjects/CosmoPlan/src/cosmoplan/PayloadCRUD.java</file>
            <file>file:/Users/dhwanilpanchani/NetBeansProjects/CosmoPlan/src/cosmoplan/SpacecraftCRUD.java</file>
            <file>file:/Users/dhwanilpanchani/NetBeansProjects/CosmoPlan/src/cosmoplan/AgencyCRUD.java</file>
        </group>
    </open-files>
</project-private>
